生化学::04 ビタミン	脂溶性ビタミン 4 つは？その共通の注意点は？	A・D・E・K／体内（肝・脂肪組織）に蓄積しやすいため、欠乏症だけでなく過剰症も問われる	脂肪吸収障害・胆汁うっ滞でまとめて欠乏する	ビタミン,総論,頻出	tkymlh
生化学::04 ビタミン	水溶性ビタミンにはどのようなものがあるか。蓄積するか？	ビタミンB群（B1・B2・B3・B5・B6・B7・B9・B12）とビタミンC／基本的に蓄積せず尿中に排泄されるため、過剰症は起こりにくい	例外的に B6 は大量長期で神経障害	ビタミン,総論	asazhb
生化学::04 ビタミン	脂肪吸収障害・胆汁うっ滞で欠乏しやすいビタミンは？	脂溶性ビタミン A・D・E・K	胆汁は脂溶性ビタミンの吸収に必須	ビタミン,総論,頻出	6o31d2
生化学::04 ビタミン	ビタミンA の別名と活性型は？	別名：レチノール／レチナール／レチノイン酸　活性型：11-cis-レチナール（視覚）、レチノイン酸（遺伝子発現）	脂溶性	ビタミン,A	19yr99g
生化学::04 ビタミン	ビタミンA の主な作用は？	視覚（ロドプシンの構成成分）、上皮細胞の分化・維持、成長・発生	上皮の正常化に必須	ビタミン,A	ha2pd4
生化学::04 ビタミン	ビタミンA 欠乏症は？	夜盲症、眼球乾燥症、角膜軟化症、上皮の角化	原因：脂肪吸収障害、胆汁うっ滞、低栄養	ビタミン,A,頻出	dy4kkx
生化学::04 ビタミン	ビタミンA 過剰症は？特に注意すべき状況は？	頭痛、肝障害、脱毛、骨障害／催奇形性があり、妊娠中の過剰摂取とレチノイド製剤に要注意	脂溶性で蓄積するため	ビタミン,A,頻出	1vhw7yh
生化学::04 ビタミン	ビタミンB1 の別名と補酵素型は？	別名：チアミン　補酵素型：TPP（チアミンピロリン酸）	糖質代謝の要	ビタミン,B1,頻出	18ljaqh
生化学::04 ビタミン	TPP（ビタミンB1）が補酵素となる酵素を 4 つ挙げよ	ピルビン酸脱水素酵素、α-ケトグルタル酸脱水素酵素、分岐鎖α-ケト酸脱水素酵素、トランスケトラーゼ	いずれも糖・分岐鎖アミノ酸代謝	ビタミン,B1,頻出	1v1u4f8
生化学::04 ビタミン	ビタミンB1 欠乏の原因となる状況は？	慢性アルコール多飲、低栄養、糖質の過剰摂取、妊娠悪阻	アルコール依存が最頻出	ビタミン,B1,頻出	szh4rv
生化学::04 ビタミン	ビタミンB1 欠乏症を挙げよ	脚気（乾性＝多発性神経炎／湿性＝心不全）、Wernicke 脳症、Korsakoff 症候群	乾性・湿性の区別が頻出	ビタミン,B1,頻出	13t4gdq
生化学::04 ビタミン	Wernicke 脳症の三徴は？	意識障害・眼球運動障害・運動失調	ビタミンB1 欠乏	ビタミン,B1,頻出	1mjt29x
生化学::04 ビタミン	ビタミンB1 欠乏を疑う患者にブドウ糖を投与するとき、注意すべきことは？	ブドウ糖投与の前にチアミンを投与する（糖負荷で残った B1 が消費され、Wernicke 脳症が誘発・悪化するため）	最重要の臨床ポイント	ビタミン,B1,頻出	1ukg9x
生化学::04 ビタミン	ビタミンB2 の別名と補酵素型は？主な作用は？	別名：リボフラビン　補酵素型：FAD・FMN／酸化還元反応、電子伝達系、エネルギー代謝	フラビン酵素の補酵素	ビタミン,B2	1wku0zh
生化学::04 ビタミン	ビタミンB2 欠乏症は？	口角炎、口唇炎、舌炎、脂漏性皮膚炎	口のまわりの症状で覚える	ビタミン,B2,頻出	1stlrm6
生化学::04 ビタミン	ビタミンB3 の別名と補酵素型は？	別名：ナイアシン（ニコチン酸／ニコチンアミド）　補酵素型：NAD＋・NADP＋	酸化還元反応、エネルギー代謝	ビタミン,B3,頻出	7owqrf
生化学::04 ビタミン	ビタミンB3（ナイアシン）欠乏症とその 3 徴は？	ペラグラ／3D：Dermatitis（皮膚炎）・Diarrhea（下痢）・Dementia（認知機能障害）	覚え方は 3D	ビタミン,B3,頻出	l4jmjk
生化学::04 ビタミン	ナイアシン欠乏の原因を挙げよ	低栄養、トリプトファン不足、Hartnup 病、カルチノイド症候群	ナイアシンはトリプトファンから合成できる	ビタミン,B3,頻出	1g593zl
生化学::04 ビタミン	ニコチン酸（ナイアシン）の過剰・薬剤投与で起こる症状は？	皮膚紅潮（フラッシング）、掻痒、高尿酸血症、高血糖、肝障害	脂質異常症治療薬としてのニコチン酸	ビタミン,B3	1ogaxmc
生化学::04 ビタミン	ビタミンB5 の別名と役割は？	別名：パントテン酸／CoA とアシルキャリアタンパク質（ACP）の構成成分。アシル基転移、脂肪酸代謝、エネルギー産生	欠乏症は非常にまれ	ビタミン,B5	upub08
生化学::04 ビタミン	ビタミンB6 の別名と補酵素型は？	別名：ピリドキシン／ピリドキサール／ピリドキサミン　補酵素型：PLP（ピリドキサールリン酸）	アミノ酸代謝の要	ビタミン,B6,頻出	7gxwty
生化学::04 ビタミン	PLP（ビタミンB6）の主な作用は？	アミノ酸代謝（アミノ基転移・脱炭酸）、神経伝達物質の合成、ヘム合成（ALA 合成酵素の補酵素）	ヘム合成に関与する点が重要	ビタミン,B6,頻出	a60y22
生化学::04 ビタミン	ビタミンB6 欠乏を起こす代表的な薬剤と、その欠乏症は？	イソニアジド（INH）／末梢神経障害、けいれん、皮膚炎、鉄芽球性貧血	INH 投与時は B6 を併用する	ビタミン,B6,頻出	1djvbvv
生化学::04 ビタミン	ビタミンB6 欠乏で鉄芽球性貧血が起こるのはなぜか？	PLP がヘム合成（ALA 合成酵素）の補酵素であり、ヘムが作れずミトコンドリアに鉄が蓄積するため	環状鉄芽球	ビタミン,B6,頻出	1lvk5le
生化学::04 ビタミン	ビタミンB6 の過剰症は？	大量・長期摂取による感覚性末梢神経障害	水溶性だが過剰症がある例外	ビタミン,B6	1kg1qal
生化学::04 ビタミン	ビタミンB7 の別名と役割は？	別名：ビオチン／カルボキシラーゼの補酵素。カルボキシル化反応（脂肪酸合成、糖新生、アミノ酸代謝）	CO2 を付ける反応	ビタミン,B7	132rvxe
生化学::04 ビタミン	ビオチン欠乏の特徴的な原因と症状は？	原因：生卵白の大量・長期摂取（アビジンがビオチンと結合し吸収を阻害）、長期静脈栄養／症状：皮膚炎、脱毛、神経症状	生卵白＝アビジン	ビタミン,B7,頻出	1g4m5mr
生化学::04 ビタミン	ビタミンB9 の別名と補酵素型は？主な作用は？	別名：葉酸（フォレート）　補酵素型：THF（テトラヒドロ葉酸）／一炭素単位の転移、プリン・チミジル酸合成、DNA 合成	細胞増殖に必須	ビタミン,B9,頻出	1d8se9a
生化学::04 ビタミン	葉酸欠乏の原因を挙げよ	妊娠、アルコール多飲、低栄養、メトトレキサート（MTX）、トリメトプリム、フェニトイン	薬剤性が頻出	ビタミン,B9,頻出	4f7dv0
生化学::04 ビタミン	葉酸欠乏症は？妊娠との関係は？	巨赤芽球性貧血、舌炎／妊娠時の欠乏で胎児の神経管閉鎖障害のリスクが上昇するため、妊娠前〜妊娠初期の摂取が重要	神経症状は通常きたさない	ビタミン,B9,頻出	1e9wk5z
生化学::04 ビタミン	ビタミンB12 の別名と活性型は？	別名：コバラミン　活性型：メチルコバラミン、アデノシルコバラミン	メチオニン合成とメチルマロニルCoA 代謝	ビタミン,B12,頻出	hhq4dq
生化学::04 ビタミン	ビタミンB12 の吸収に必要なものは？	胃の壁細胞が分泌する内因子（intrinsic factor）と、回腸末端での吸収	どちらが欠けても欠乏する	ビタミン,B12,頻出	1d2uqre
生化学::04 ビタミン	ビタミンB12 欠乏の原因を挙げよ	悪性貧血（内因子欠乏）、胃切除、回腸末端の疾患・切除、厳格な菜食	吸収経路のどこかが壊れる	ビタミン,B12,頻出	ygej3y
生化学::04 ビタミン	ビタミンB12 欠乏症は？	巨赤芽球性貧血、舌炎、末梢神経障害、亜急性連合性脊髄変性症	神経症状を伴うのが葉酸欠乏との違い	ビタミン,B12,頻出	aw0ad7
生化学::04 ビタミン	葉酸欠乏とビタミンB12 欠乏を、ホモシステインとメチルマロン酸で鑑別せよ	葉酸欠乏：ホモシステイン↑、メチルマロン酸（MMA）正常／B12 欠乏：ホモシステイン↑、MMA も↑	MMA が上がるのは B12 だけ	ビタミン,鑑別,頻出	1xtpfuq
生化学::04 ビタミン	葉酸欠乏とビタミンB12 欠乏の、神経症状の違いは？	葉酸欠乏：通常なし／B12 欠乏：あり（末梢神経障害、亜急性連合性脊髄変性症）	貧血と舌炎はどちらにも出る	ビタミン,鑑別,頻出	1r95p3f
生化学::04 ビタミン	巨赤芽球性貧血の患者に葉酸だけを投与してはいけないのはなぜか？	B12 欠乏だった場合、貧血だけが改善して神経障害がマスクされ、診断と治療が遅れて不可逆的な神経障害に至る恐れがあるため	投与前に B12 欠乏を除外する	ビタミン,鑑別,頻出	1inz92a
生化学::04 ビタミン	ビタミンC の別名と主な作用は？	別名：アスコルビン酸／コラーゲン合成（プロリン・リシンの水酸化）、抗酸化作用、非ヘム鉄の吸収促進	還元剤として働く	ビタミン,C,頻出	wfvot2
生化学::04 ビタミン	ビタミンC 欠乏症とその症状は？	壊血病／歯肉出血、点状出血、皮下出血、創傷治癒遅延、貧血	コラーゲンが作れず血管が脆くなる	ビタミン,C,頻出	nb4qwv
生化学::04 ビタミン	ビタミンC の過剰摂取で問題になることは？	消化器症状、シュウ酸カルシウム結石のリスク上昇	水溶性だが大量摂取は注意	ビタミン,C	1upb3cm
生化学::04 ビタミン	ビタミンD の化学名と活性型は？	D2：エルゴカルシフェロール／D3：コレカルシフェロール　活性型：1,25-(OH)2D3（カルシトリオール）	脂溶性	ビタミン,D,頻出	1s9lveq
生化学::04 ビタミン	ビタミンD が活性化される経路を順に述べよ	皮膚で紫外線により D3 が生成 → 肝臓で 25 位が水酸化（25-OH-D）→ 腎臓で 1α位が水酸化 → 1,25-(OH)2D3	肝→腎の 2 段階	ビタミン,D,頻出	ma85p7
生化学::04 ビタミン	腎臓の 1α水酸化酵素を促進するホルモンは？	PTH（副甲状腺ホルモン）	低 Ca → PTH↑ → 活性型ビタミンD↑	ビタミン,D,頻出	s3webg
生化学::04 ビタミン	活性型ビタミンD の主な作用は？	腸管からの Ca・P 吸収促進、骨代謝の調節、血清 Ca 濃度の維持	Ca を上げる方向	ビタミン,D	cvku9a
生化学::04 ビタミン	ビタミンD 欠乏症は？小児と成人で名称が違う点に注意	小児：くる病　成人：骨軟化症／低 Ca 血症、二次性副甲状腺機能亢進症	原因：日光曝露不足、脂肪吸収障害、慢性腎臓病、肝疾患	ビタミン,D,頻出	1u2imm7
生化学::04 ビタミン	ビタミンD 過剰症は？	高 Ca 血症、高 Ca 尿症、腎結石、腎機能障害、異所性石灰化	脂溶性で蓄積する	ビタミン,D,頻出	9g24jj
生化学::04 ビタミン	ビタミンE の別名と主な作用は？	別名：α-トコフェロール／抗酸化物質として細胞膜の脂質過酸化を防止する	脂溶性	ビタミン,E	1p7yhx4
生化学::04 ビタミン	ビタミンE 欠乏症は？	溶血性貧血（赤血球膜の障害）、末梢神経障害、運動失調、筋力低下	原因：脂肪吸収障害、胆汁うっ滞、未熟児	ビタミン,E,頻出	1k2r8mt
生化学::04 ビタミン	ビタミンK の化学名と補因子としての役割は？	K1：フィロキノン／K2：メナキノン／γ-グルタミルカルボキシラーゼの補因子としてγ-カルボキシ化を行う	脂溶性	ビタミン,K,頻出	bb8is0
生化学::04 ビタミン	ビタミンK が必要な凝固関連因子をすべて挙げよ	凝固第 II・VII・IX・X 因子、および Protein C・Protein S	「2・7・9・10 ＋ C・S」	ビタミン,K,頻出	1uyhi8o
生化学::04 ビタミン	ビタミンK 欠乏の原因と症状は？	原因：新生児、胆汁うっ滞、脂肪吸収障害、長期の抗菌薬投与（腸内細菌の減少）／症状：出血傾向、PT（INR）延長	新生児ビタミンK 欠乏性出血症	ビタミン,K,頻出	ddu5j4
生化学::04 ビタミン	ワルファリンの作用機序は？	ビタミンK エポキシド還元酵素（VKOR）を阻害し、ビタミンK の再生を妨げてII・VII・IX・X と Protein C・S のγ-カルボキシ化を抑制する	効果判定は PT-INR	ビタミン,K,頻出	1apisd5
生化学::04 ビタミン	症状から答えよ：夜盲症	ビタミンA 欠乏	ロドプシンが作れない	ビタミン,逆引き	19tetzw
生化学::04 ビタミン	症状から答えよ：意識障害・眼球運動障害・運動失調（アルコール多飲者）	ビタミンB1 欠乏（Wernicke 脳症）	ブドウ糖より先にチアミン	ビタミン,逆引き,頻出	1exnt12
生化学::04 ビタミン	症状から答えよ：口角炎・舌炎・脂漏性皮膚炎	ビタミンB2 欠乏	FAD・FMN	ビタミン,逆引き	cv9rx8
生化学::04 ビタミン	症状から答えよ：皮膚炎・下痢・認知機能障害	ビタミンB3（ナイアシン）欠乏＝ペラグラ	3D	ビタミン,逆引き,頻出	116ny83
生化学::04 ビタミン	症状から答えよ：抗結核薬服用中の末梢神経障害	ビタミンB6 欠乏（イソニアジドによる）	予防に B6 併用	ビタミン,逆引き,頻出	ee0lwm
生化学::04 ビタミン	症状から答えよ：歯肉出血・点状出血・創傷治癒遅延	ビタミンC 欠乏＝壊血病	コラーゲン合成障害	ビタミン,逆引き,頻出	16u0bto
生化学::04 ビタミン	症状から答えよ：巨赤芽球性貧血＋亜急性連合性脊髄変性症	ビタミンB12 欠乏	MMA↑ が決め手	ビタミン,逆引き,頻出	xy8cz9
生化学::04 ビタミン	症状から答えよ：新生児の出血傾向・PT 延長	ビタミンK 欠乏（新生児ビタミンK 欠乏性出血症）	予防投与が行われる	ビタミン,逆引き,頻出	1grcch1
生化学::04 ビタミン	症状から答えよ：小児の骨端線の異常と骨変形	ビタミンD 欠乏＝くる病	成人なら骨軟化症	ビタミン,逆引き	vqbeuq
生化学::04 ビタミン	症状から答えよ：脂肪吸収障害児の溶血性貧血と運動失調	ビタミンE 欠乏	膜の脂質過酸化	ビタミン,逆引き	7pn2r8
