生化学::01 アミノ酸	グリシン（Gly）の特徴をまとめよ	非極性・最小のアミノ酸（R＝H）、唯一不斉炭素をもたない／糖原性／プリン塩基・ヘム・クレアチン・グルタチオンの材料／コラーゲンに豊富、脊髄・脳幹の抑制性神経伝達物質	非ケトーシス型高グリシン血症	アミノ酸,個別,Gly
生化学::01 アミノ酸	アラニン（Ala）の特徴をまとめよ	非極性（R＝CH3）／糖原性／ピルビン酸と相互変換／グルコース-アラニン回路で筋から肝へ窒素と炭素を運ぶ	ALT が触媒する	アミノ酸,個別,Ala
生化学::01 アミノ酸	バリン（Val）の特徴をまとめよ	非極性・分岐鎖アミノ酸（BCAA）／必須アミノ酸／糖原性（スクシニルCoA へ）／筋のエネルギー代謝	メープルシロップ尿症（MSUD）	アミノ酸,個別,Val
生化学::01 アミノ酸	ロイシン（Leu）の特徴をまとめよ	非極性・分岐鎖アミノ酸（BCAA）／必須アミノ酸／純粋なケト原性（アセチルCoA・アセト酢酸へ）／mTOR を介してタンパク合成を促進	リシンとともに「ケト原性のみ」の 2 つ	アミノ酸,個別,Leu,頻出
生化学::01 アミノ酸	イソロイシン（Ile）の特徴をまとめよ	非極性・分岐鎖アミノ酸（BCAA）／必須アミノ酸／糖原性＋ケト原性の両方／不斉炭素を 2 つもつ	MSUD	アミノ酸,個別,Ile
生化学::01 アミノ酸	プロリン（Pro）の特徴をまとめよ	非極性・環状アミノ酸（側鎖がα-アミノ基と環を作る）／糖原性（グルタミン酸へ）／コラーゲンに豊富、βターンを作りαヘリックスを壊す	ヒドロキシプロリン化にビタミンC が必要	アミノ酸,個別,Pro,頻出
生化学::01 アミノ酸	メチオニン（Met）の特徴をまとめよ	非極性・含硫アミノ酸（チオエーテル -S-）／必須アミノ酸／糖原性／SAM（S-アデノシルメチオニン）としてメチル基供与体／タンパク翻訳の開始アミノ酸	ホモシステイン → システインの上流	アミノ酸,個別,Met,頻出
生化学::01 アミノ酸	フェニルアラニン（Phe）の特徴をまとめよ	非極性・芳香族アミノ酸（ベンゼン環）／必須アミノ酸／糖原性＋ケト原性／チロシンに水酸化され、カテコールアミン・メラニン・甲状腺ホルモンの上流となる	PKU では Phe↑、Tyr が条件付き必須に	アミノ酸,個別,Phe,頻出
生化学::01 アミノ酸	トリプトファン（Trp）の特徴をまとめよ	非極性・芳香族アミノ酸（インドール環、最も大きい）／必須アミノ酸／糖原性＋ケト原性／セロトニン・メラトニン・ナイアシン（ビタミンB3）の前駆体	Hartnup 病、カルチノイド症候群	アミノ酸,個別,Trp,頻出
生化学::01 アミノ酸	チロシン（Tyr）の特徴をまとめよ	極性・非荷電の芳香族アミノ酸（フェノール性 -OH）／条件付き必須（Phe 不足・PKU で必須になる）／糖原性＋ケト原性／DOPA → ドパミン → ノルアドレナリン → アドレナリン、メラニン、T3/T4 の前駆体	白皮症、チロシン血症	アミノ酸,個別,Tyr,頻出
生化学::01 アミノ酸	セリン（Ser）の特徴をまとめよ	極性・非荷電（-CH2OH）／糖原性／グリシンや一炭素単位（THF）の供給、リン脂質の材料／リン酸化を受ける残基	Ser・Thr・Tyr がリン酸化部位	アミノ酸,個別,Ser
生化学::01 アミノ酸	トレオニン（Thr）の特徴をまとめよ	極性・非荷電（-CH(OH)-CH3）／必須アミノ酸／糖原性＋ケト原性／リン酸化を受ける残基	セリンに CH3 が付いた構造	アミノ酸,個別,Thr
生化学::01 アミノ酸	システイン（Cys）の特徴をまとめよ	極性・非荷電の含硫アミノ酸（チオール -SH）／条件付き必須（Met 不足時）／糖原性／ジスルフィド結合（S-S）でタンパク立体構造を安定化／グルタチオン・タウリン・CoA の材料	シスチン尿症	アミノ酸,個別,Cys,頻出
生化学::01 アミノ酸	アスパラギン（Asn）の特徴をまとめよ	極性・非荷電の酸アミド型（アスパラギン酸のアミド -CONH2）／糖原性／N 結合型糖鎖修飾の中心残基	急性リンパ性白血病で L-アスパラギナーゼを使う	アミノ酸,個別,Asn
生化学::01 アミノ酸	グルタミン（Gln）の特徴をまとめよ	極性・非荷電の酸アミド型（グルタミン酸のアミド）／条件付き必須（重症・侵襲時）／糖原性／血中の窒素運搬体、腎での酸排泄、ヌクレオチド合成の窒素源	血中で最も多い遊離アミノ酸	アミノ酸,個別,Gln,頻出
生化学::01 アミノ酸	アスパラギン酸（Asp）の特徴をまとめよ	極性・酸性（側鎖に -COO−、生理 pH で負電荷）／糖原性／オキサロ酢酸と相互変換、ピリミジン合成、尿素回路に窒素を供給	Asn との違いは「電荷をもつ」こと	アミノ酸,個別,Asp,頻出
生化学::01 アミノ酸	グルタミン酸（Glu）の特徴をまとめよ	極性・酸性（側鎖に -COO−、生理 pH で負電荷）／糖原性／α-ケトグルタル酸と相互変換、アミノ基転移の中心／GABA・グルタミン・グルタチオンの前駆体／主要な興奮性神経伝達物質	GABA は Glu の脱炭酸で生成	アミノ酸,個別,Glu,頻出
生化学::01 アミノ酸	リシン（Lys）の特徴をまとめよ	極性・塩基性（末端ε-アミノ基、生理 pH で正電荷）／必須アミノ酸／純粋なケト原性／ヒストン修飾（アセチル化・メチル化）、コラーゲンの架橋、カルニチン合成	ロイシンとともに「ケト原性のみ」	アミノ酸,個別,Lys,頻出
生化学::01 アミノ酸	アルギニン（Arg）の特徴をまとめよ	極性・塩基性（グアニジノ基、生理 pH で正電荷）／条件付き必須（小児・成長期・侵襲時）／糖原性／NO・尿素・オルニチン・クレアチンの前駆体	尿素回路の最終段階（アルギナーゼ）	アミノ酸,個別,Arg,頻出
生化学::01 アミノ酸	ヒスチジン（His）の特徴をまとめよ	極性・弱塩基性（イミダゾール環、pKa が生理的 pH に近い）／必須アミノ酸／糖原性／脱炭酸されてヒスタミンになる／緩衝作用（ヘモグロビンの酸塩基調節）	生理 pH では多くが非荷電、一部が正電荷	アミノ酸,個別,His,頻出
生化学::01 アミノ酸	必須アミノ酸 9 種を挙げよ	ヒスチジン・イソロイシン・ロイシン・リシン・メチオニン・フェニルアラニン・トレオニン・トリプトファン・バリン（His, Ile, Leu, Lys, Met, Phe, Thr, Trp, Val）	成人で 9 種	アミノ酸,分類,頻出
生化学::01 アミノ酸	条件付き必須アミノ酸とその条件は？	チロシン（Phe 不足・PKU）、システイン（Met 不足）、アルギニン（小児・成長期・侵襲時）、グルタミン（重症・侵襲時）、グリシン・プロリン（特定の状態）	状況次第で必須になる	アミノ酸,分類
生化学::01 アミノ酸	分岐鎖アミノ酸（BCAA）3 種は？	バリン・ロイシン・イソロイシン（Val, Leu, Ile）	肝外組織（特に筋）で代謝される。MSUD の原因アミノ酸	アミノ酸,分類,頻出
生化学::01 アミノ酸	芳香族アミノ酸 3 種は？	フェニルアラニン・チロシン・トリプトファン（Phe, Tyr, Trp）	Phe → Tyr、Trp → セロトニン/ナイアシン	アミノ酸,分類,頻出
生化学::01 アミノ酸	含硫アミノ酸 2 種は？	メチオニン・システイン（Met, Cys）	Met → SAM、Cys → S-S 結合・グルタチオン	アミノ酸,分類,頻出
生化学::01 アミノ酸	酸性（負電荷）アミノ酸 2 種は？	アスパラギン酸・グルタミン酸（Asp, Glu）	生理 pH ≈ 7.4 で側鎖が -COO− となり負電荷	アミノ酸,分類,頻出
生化学::01 アミノ酸	塩基性アミノ酸 3 種と、それぞれの生理 pH での電荷は？	リシン・アルギニン（正電荷）、ヒスチジン（多くは非荷電、一部が正電荷）	His は pKa が生理的 pH に近い	アミノ酸,分類,頻出
生化学::01 アミノ酸	極性だが電荷をもたない（中性）アミノ酸 6 種は？	セリン・トレオニン・アスパラギン・グルタミン・チロシン・システイン（Ser, Thr, Asn, Gln, Tyr, Cys）	-OH／酸アミド／-SH をもち水と相互作用するが、側鎖の正味電荷は 0	アミノ酸,分類,頻出
生化学::01 アミノ酸	非極性（疎水性）アミノ酸 9 種は？	グリシン・アラニン・バリン・ロイシン・イソロイシン・メチオニン・プロリン・フェニルアラニン・トリプトファン	側鎖が疎水性で、タンパク質の内部に位置しやすい	アミノ酸,分類,頻出
生化学::01 アミノ酸	アミノ酸の分類で最も間違えやすい点は？	「極性 ≠ 荷電」。Ser・Thr・Asn・Gln・Tyr・Cys は極性だが生理 pH で正味電荷は 0	判断の順序は ① 側鎖が極性か → ② 生理 pH での電荷	アミノ酸,分類,頻出
生化学::01 アミノ酸	ケト原性のみのアミノ酸は？	ロイシンとリシン（Leu, Lys）の 2 種のみ	最頻出。「Leu ＋ Lys ＝ ケト原性のみ」	アミノ酸,分類,頻出
生化学::01 アミノ酸	糖原性かつケト原性のアミノ酸 5 種は？	イソロイシン・フェニルアラニン・チロシン・トリプトファン・トレオニン（Ile, Phe, Tyr, Trp, Thr）	これと Leu/Lys 以外は糖原性	アミノ酸,分類,頻出
生化学::01 アミノ酸	リン酸化を受けるアミノ酸残基は？	セリン・トレオニン・チロシン（いずれも側鎖に -OH をもつ）	キナーゼの標的	アミノ酸,分類,頻出
生化学::01 アミノ酸	不斉炭素（キラル中心）をもたない唯一のアミノ酸は？	グリシン（R＝H のため）	最小のアミノ酸	アミノ酸,分類,頻出
生化学::01 アミノ酸	αヘリックスを壊し、βターンを作りやすいアミノ酸は？	プロリン（環状構造で剛性が高く、主鎖の水素結合ができない）	コラーゲンに豊富	アミノ酸,構造,頻出
生化学::01 アミノ酸	ジスルフィド結合（S-S）を作るアミノ酸は？	システイン（-SH が 2 つ酸化されてシスチンになる）	タンパク質の三次構造を安定化	アミノ酸,構造,頻出
生化学::01 アミノ酸	フェニルアラニン・チロシンから作られる生理活性物質を挙げよ	DOPA → ドパミン → ノルアドレナリン → アドレナリン／メラニン／甲状腺ホルモン（T3・T4）	Phe → Tyr → これらすべて	アミノ酸,誘導体,頻出
生化学::01 アミノ酸	トリプトファンから作られる物質を挙げよ	セロトニン（5-HT）→ メラトニン、およびナイアシン（ビタミンB3）	Hartnup 病でペラグラ様症状	アミノ酸,誘導体,頻出
生化学::01 アミノ酸	ヒスチジンから作られる物質は？	ヒスタミン（脱炭酸により生成）	アレルギー・胃酸分泌	アミノ酸,誘導体,頻出
生化学::01 アミノ酸	グルタミン酸から作られる物質を挙げよ	GABA（脱炭酸）、α-ケトグルタル酸、グルタミン、グルタチオン	GABA は主要な抑制性神経伝達物質	アミノ酸,誘導体,頻出
生化学::01 アミノ酸	アルギニンから作られる物質を挙げよ	NO（一酸化窒素）、尿素、オルニチン、クレアチン	NO 合成酵素（NOS）による	アミノ酸,誘導体,頻出
生化学::01 アミノ酸	メチオニンから作られる主要な化合物とその役割は？	SAM（S-アデノシルメチオニン）＝生体内の主要なメチル基供与体	SAM → ホモシステイン → システイン	アミノ酸,誘導体,頻出
生化学::01 アミノ酸	システインから作られる物質を挙げよ	グルタチオン（GSH）、タウリン、CoA などの含硫化合物	抗酸化の中心	アミノ酸,誘導体
生化学::01 アミノ酸	グリシンから作られる物質を挙げよ	プリン塩基、ヘム（ポルフィリン）、クレアチン、グルタチオン、抱合胆汁酸	ヘム合成の出発材料（＋スクシニルCoA）	アミノ酸,誘導体,頻出
生化学::01 アミノ酸	主要な興奮性・抑制性神経伝達物質とその由来アミノ酸は？	興奮性：グルタミン酸／抑制性：GABA（グルタミン酸由来）、グリシン（脊髄・脳幹）	グリシンは脊髄の抑制性伝達物質	アミノ酸,誘導体,頻出
生化学::01 アミノ酸	アミノ酸疾患：フェニルケトン尿症（PKU）の生化学変化と特徴は？	フェニルアラニン水酸化酵素（または BH4）の異常 → 血中 Phe↑、Tyr 相対的↓／知的障害・けいれん・湿疹・色素低下・カビ様（ネズミ尿様）体臭／低フェニルアラニン食	Phe が Tyr になれない	アミノ酸,疾患,頻出
生化学::01 アミノ酸	アミノ酸疾患：メープルシロップ尿症（MSUD）の生化学変化は？	分岐鎖α-ケト酸脱水素酵素の欠損 → BCAA（Leu・Ile・Val）と対応するα-ケト酸が蓄積／神経症状・代謝性アシドーシス・メープルシロップ様尿臭	BCAA 三兄弟	アミノ酸,疾患,頻出
生化学::01 アミノ酸	アミノ酸疾患：ホモシスチン尿症の生化学変化と特徴的所見は？	多くは CBS 欠損 → ホモシステイン↑、メチオニン↑、システイン↓／水晶体の下方脱臼・血栓症・Marfan 様体型	ホモシステインが血管を傷害	アミノ酸,疾患,頻出
生化学::01 アミノ酸	アミノ酸疾患：白皮症（アルビニズム）の機序は？	チロシナーゼの異常 → メラニン生成↓／皮膚・毛髪・虹彩の色素減少、羞明	Tyr → メラニンの経路が阻害	アミノ酸,疾患
生化学::01 アミノ酸	アミノ酸疾患：チロシン血症 I 型の欠損酵素と特徴は？	フマリルアセト酢酸ヒドロラーゼ（FAH）欠損 → サクシニルアセトン↑／肝腎障害／治療：ニチシノン（Nitisinone）	肝細胞癌のリスク	アミノ酸,疾患
生化学::01 アミノ酸	アミノ酸疾患：シスチン尿症の機序と覚え方は？	腎尿細管・腸の二塩基性アミノ酸トランスポーター異常／尿中に COLA（Cystine, Ornithine, Lysine, Arginine）が増加／反復する尿路結石、六角形結晶	覚え方は「COLA」	アミノ酸,疾患,頻出
生化学::01 アミノ酸	アミノ酸疾患：Hartnup 病の機序と症状は？	中性アミノ酸（特にトリプトファン）のトランスポーター異常 → Trp の吸収・再吸収↓／ペラグラ様皮膚炎・小脳失調	Trp → ナイアシン合成が減る	アミノ酸,疾患,頻出
生化学::01 アミノ酸	アミノ酸疾患：非ケトーシス型高グリシン血症の機序と症状は？	グリシン開裂系（glycine cleavage system）の欠損 → グリシン↑／新生児期の嗜眠・けいれん・無呼吸／ケトーシスを伴わない	名前どおり「ケトーシスなし」	アミノ酸,疾患
生化学::01 アミノ酸	アミノ酸疾患：アルギニン血症の欠損酵素と症状は？	アルギナーゼ（尿素回路の最終段階）の欠損 → アルギニン↑、高アンモニア血症／痙性麻痺・発達異常	尿素回路の最後の酵素	アミノ酸,疾患
